–¢–µ—Å—Ç –ö–µ–π—Å ‚Ññ/ID,TC-MAS4-004,,
–ü—Ä–æ–µ–∫—Ç,Tomoru.Team - https://t.me/mini_app_stage_4_bot,,
–ö–æ–º–ø–æ–Ω–µ–Ω—Ç,–ü—Ä–æ—Ñ–∏–ª—å/–†–µ–∑—é–º–µ,,
–î–∞—Ç–∞,08.04.2025,,
–¢–µ—Å—Ç–∏—Ä–æ–≤—â–∏–∫,–ê–Ω–¥—Ä–µ–µ–≤ –ê–ª–µ–∫—Å–∞–Ω–¥—Ä ,,
–ü—Ä–æ–≤–µ—Ä–∏–ª,,,
–î–∞—Ç–∞ –ø—Ä–æ–≤–µ—Ä–∫–∏,,,
,,,
–ù–∞–∑–≤–∞–Ω–∏–µ/–∑–∞–≥–æ–ª–æ–≤–æ–∫,–£–¥–∞–ª–µ–Ω–∏–µ —Ä–µ–∑—é–º–µ,,
–û–ø–∏—Å–∞–Ω–∏–µ:,–£–¥–∞–ª–µ–Ω–∏–µ —Ä–µ–∑—é–º–µ –∏ –æ—Ç—Å—É—Ç—Å—Ç–≤–∏–µ –µ–≥–æ –≤ –ø—Ä–æ—Ñ–∏–ª–µ.,,
–ü—Ä–µ–¥—É—Å–ª–æ–≤–∏—è:,–û—Ç–∫—Ä—ã—Ç–æ –ø—Ä–∏–ª–æ–∂–µ–Ω–∏–µ –∏ —Ä–µ–∑—é–º–µ —É–∂–µ —Å–æ–∑–¥–∞–Ω–æ,,
–¢–µ—Å—Ç–æ–≤—ã–µ –¥–∞–Ω–Ω—ã–µ:,–ü—Ä–∏–ª–æ–∂–µ–Ω–∏–µ t.me/mini_app_stage_4_bot,,
,,,
–®–∞–≥,–û–ø–∏—Å–∞–Ω–∏–µ —à–∞–≥–∞,–û–∂–∏–¥–∞–µ–º—ã–π —Ä–µ–∑—É–ª—å—Ç–∞—Ç,
1,–û—Ç–∫—Ä—ã—Ç—å –ø—Ä–æ—Ñ–∏–ª—å,–ü—Ä–æ—Ñ–∏–ª—å –æ—Ç–∫—Ä—ã—Ç,
2,"–í–æ –≤–∫–ª–∞–¥–∫–µ ""–ú–æ–µ —Ä–µ–∑—é–º–µ"" –Ω–∞–∂–∏–º–∞–µ–º –Ω–∞ —Å–≤–æ–µ —Ä–µ–∑—é–º–µ",–û—Ç–∫—Ä—ã–≤–∞–µ—Ç—Å—è –∫–∞—Ä—Ç–æ—á–∫–∞ –ø–æ–ª—å–∑–æ–≤–∞—Ç–µ–ª—è,
3,"–í—ã–±–∏—Ä–∞–µ–º –ø—É–Ω–∫—Ç ""–†–µ–∑—é–º–µ""",–û—Ç–∫—Ä—ã—Ç–∞ –∏–Ω—Ñ–æ—Ä–º–∞—Ü–∏—è –ø–æ —Ä–µ–∑—é–º–µ,
4,"–ü—Ä–æ–≤–µ—Ä–∏—Ç—å –¥–æ—Å—Ç—É–ø–Ω–æ—Å—Ç—å –∫–Ω–æ–ø–∫–∏ ""–£–¥–∞–ª–∏—Ç—å""","–ö–Ω–æ–ø–∫–∞ –Ω–∞–π–¥–µ–Ω–∞, —É–¥–∞–ª—è–µ–º —Å–≤–æ–µ —Ä–µ–∑—é–º–µ",Bug üëæ
5,"–û—Ç–∫—Ä—ã—Ç—å –ø—Ä–æ—Ñ–∏–ª—å. –ö–Ω–æ–ø–∫–∞ ""–°–æ–∑–¥–∞—Ç—å —Ä–µ–∑—é–º–µ"" –∞–∫—Ç–∏–≤–Ω–∞, —Ä–µ–∑—é–º–µ –æ—Ç—Å—É—Ç—Å—Ç–≤—É–µ—Ç –≤ —Å–ø–∏—Å–∫–µ.  ",–û—Ç—Å—É—Ç—Å—Ç–≤–∏–µ —Ä–µ–∑—é–º–µ –≤ –ø—Ä–æ—Ñ–∏–ª–µ,