–¢–µ—Å—Ç –ö–µ–π—Å ‚Ññ/ID,TC-MAS4-005,,
–ü—Ä–æ–µ–∫—Ç,Tomoru.Team - https://t.me/mini_app_stage_4_bot,,
–ö–æ–º–ø–æ–Ω–µ–Ω—Ç,–ü—Ä–æ—Ñ–∏–ª—å/–†–µ–∑—é–º–µ,,
–î–∞—Ç–∞,08.04.2025,,
–¢–µ—Å—Ç–∏—Ä–æ–≤—â–∏–∫,–ê–Ω–¥—Ä–µ–µ–≤ –ê–ª–µ–∫—Å–∞–Ω–¥—Ä ,,
–ü—Ä–æ–≤–µ—Ä–∏–ª,,,
–î–∞—Ç–∞ –ø—Ä–æ–≤–µ—Ä–∫–∏,,,
,,,
–ù–∞–∑–≤–∞–Ω–∏–µ/–∑–∞–≥–æ–ª–æ–≤–æ–∫,"–í–≤–æ–¥ –Ω–µ–∫–æ—Ä—Ä–µ–∫—Ç–Ω—ã—Ö –¥–∞–Ω–Ω—ã—Ö –≤ —Ä–µ–∑—é–º–µ –≤ –≥—Ä–∞—Ñ–µ ""–û–ø—ã—Ç —Ä–∞–±–æ—Ç—ã""",,
–û–ø–∏—Å–∞–Ω–∏–µ:,"–ü—Ä–æ–≤–µ—Ä–∫–∞ –Ω–∞ –æ—à–∏–±–∫–∏ –≤ –≥—Ä–∞—Ñ–µ ""–û–ø—ã—Ç —Ä–∞–±–æ—Ç—ã""",,
–ü—Ä–µ–¥—É—Å–ª–æ–≤–∏—è:,–û—Ç–∫—Ä—ã—Ç–æ –ø—Ä–∏–ª–æ–∂–µ–Ω–∏–µ –∏ —Ä–µ–∑—é–º–µ —É–∂–µ —Å–æ–∑–¥–∞–Ω–æ,,
–¢–µ—Å—Ç–æ–≤—ã–µ –¥–∞–Ω–Ω—ã–µ:,–ü—Ä–∏–ª–æ–∂–µ–Ω–∏–µ t.me/mini_app_stage_4_bot,,
,,,
–®–∞–≥,–û–ø–∏—Å–∞–Ω–∏–µ —à–∞–≥–∞,–û–∂–∏–¥–∞–µ–º—ã–π —Ä–µ–∑—É–ª—å—Ç–∞—Ç,
1,–û—Ç–∫—Ä—ã—Ç—å –ø—Ä–æ—Ñ–∏–ª—å,–ü—Ä–æ—Ñ–∏–ª—å –æ—Ç–∫—Ä—ã—Ç,
2,"–í–æ –≤–∫–ª–∞–¥–∫–µ ""–ú–æ–µ —Ä–µ–∑—é–º–µ"" –Ω–∞–∂–∏–º–∞–µ–º –Ω–∞ —Å–≤–æ–µ —Ä–µ–∑—é–º–µ",–û—Ç–∫—Ä—ã–≤–∞–µ—Ç—Å—è –∫–∞—Ä—Ç–æ—á–∫–∞ –ø–æ–ª—å–∑–æ–≤–∞—Ç–µ–ª—è,
3,"–í—ã–±–∏—Ä–∞–µ–º –ø—É–Ω–∫—Ç ""–†–µ–∑—é–º–µ""",–û—Ç–∫—Ä—ã—Ç–∞ –∏–Ω—Ñ–æ—Ä–º–∞—Ü–∏—è –ø–æ —Ä–µ–∑—é–º–µ,
4,"–ù–∞–∂–∞—Ç—å –∫–Ω–æ–ø–∫—É ""—Ä–µ–¥–∞–∫—Ç–∏—Ä–æ–≤–∞—Ç—å""",–û—Ç–∫—Ä—ã–≤–∞–µ—Ç—Å—è –≤–∫–ª–∞–¥–∫–∞ —Å —Ä–µ–¥–∞–∫—Ç–∏—Ä–æ–≤–∞–Ω–∏–µ–º —Ä–µ–∑—é–º–µ,
5,"–í –≥—Ä–∞—Ñ–µ ""–û–ø—ã—Ç —Ä–∞–±–æ—Ç—ã"" –ø—Ä–æ–±—É–µ–º –∏–∑–º–µ–Ω–∏—Ç—å –¥–∞—Ç—É –≤ –º–µ—Å—Ç–µ —Ä–∞–±–æ—Ç—ã. –í—ã–±–∏—Ä–∞–µ–º –º–∞–∫—Å–∏–º–∞–ª—å–Ω—ã–π –¥–∏–∞–ø–∞–∑–æ–Ω –≤–ø–µ—Ä–µ–¥ –∏–ª–∏ –Ω–∞–∑–∞–¥. –ü—Ä–∏–º–µ–Ω—è–µ–º –º–µ—Ç–æ–¥–∏–∫—É –≥—Ä–∞–Ω–∏—á–Ω—ã—Ö –∑–Ω–∞—á–µ–Ω–∏–µ. ",–°–∏—Å—Ç–µ–º–∞ —É—Å–ø–µ—à–Ω–æ –ø—Ä–æ–≤–µ—Ä—è–µ—Ç –ø—Ä–∞–≤–∏–ª—å–Ω–æ—Å—Ç—å –∑–∞–ø–æ–ª–Ω–µ–Ω–Ω—ã—Ö –¥–∞–Ω–Ω—ã—Ö.,Bug üëæ