–¢–µ—Å—Ç –ö–µ–π—Å ‚Ññ/ID,TC-MAS4-010,,
–ü—Ä–æ–µ–∫—Ç,Tomoru.Team - https://t.me/mini_app_stage_4_bot,,
–ö–æ–º–ø–æ–Ω–µ–Ω—Ç,–ü—Ä–æ—Ñ–∏–ª—å/–†–µ–∑—é–º–µ,,
–î–∞—Ç–∞,08.04.2025,,
–¢–µ—Å—Ç–∏—Ä–æ–≤—â–∏–∫,–ê–Ω–¥—Ä–µ–µ–≤ –ê–ª–µ–∫—Å–∞–Ω–¥—Ä ,,
–ü—Ä–æ–≤–µ—Ä–∏–ª,,,
–î–∞—Ç–∞ –ø—Ä–æ–≤–µ—Ä–∫–∏,,,
,,,
–ù–∞–∑–≤–∞–Ω–∏–µ/–∑–∞–≥–æ–ª–æ–≤–æ–∫,–†–µ–¥–∞–∫—Ç–∏—Ä–æ–≤–∞–Ω–∏–µ –ø—Ä–æ—Ñ–∏–ª—è,,
–û–ø–∏—Å–∞–Ω–∏–µ:,–ü—Ä–æ–≤–µ—Ä–∫–∞ –∏ —Ä–µ–¥–∞–∫—Ç–∏—Ä–æ–≤–∞–Ω–∏–µ –∏–º–µ–Ω–∏ –∏ —Ñ–∞–º–∏–ª–∏–∏ –ø–æ–ª—å–∑–æ–≤–∞—Ç–µ–ª—è,,
–ü—Ä–µ–¥—É—Å–ª–æ–≤–∏—è:,–û—Ç–∫—Ä—ã—Ç–æ –ø—Ä–∏–ª–æ–∂–µ–Ω–∏–µ –∏ —Ä–µ–∑—é–º–µ —É–∂–µ —Å–æ–∑–¥–∞–Ω–æ,,
–¢–µ—Å—Ç–æ–≤—ã–µ –¥–∞–Ω–Ω—ã–µ:,–ü—Ä–∏–ª–æ–∂–µ–Ω–∏–µ t.me/mini_app_stage_4_bot,,
,,,
–®–∞–≥,–û–ø–∏—Å–∞–Ω–∏–µ —à–∞–≥–∞,–û–∂–∏–¥–∞–µ–º—ã–π —Ä–µ–∑—É–ª—å—Ç–∞—Ç,
1,–û—Ç–∫—Ä—ã—Ç—å –ø—Ä–æ—Ñ–∏–ª—å,–ü—Ä–æ—Ñ–∏–ª—å –æ—Ç–∫—Ä—ã—Ç,
2,"–í–æ –≤–∫–ª–∞–¥–∫–µ ""–ü—Ä–æ—Ñ–∏–ª—å"" –Ω–∞–∂–∏–º–∞–µ–º –Ω–∞ –†–µ–¥–∞–∫—Ç–∏—Ä–æ–≤–∞—Ç—å",–ü–µ—Ä–µ–Ω–∞–ø—Ä–∞–≤–ª–µ–Ω–∏–µ –Ω–∞ –Ω–æ–≤–æ–µ –æ–∫–Ω–æ —Ä–µ–¥–∞–∫—Ç–∏—Ä–æ–≤–∞–Ω–∏—è –ø—Ä–æ—Ñ–∏–ª—è,
3,"–í –≥—Ä–∞—Ñ–µ ""–ò–º—è"" –≤–≤–æ–¥–∏–º –Ω–æ–≤–æ–µ –∏–º—è",–ò–º—è —É—Å–ø–µ—à–Ω–æ –≤–≤–µ–¥–µ–Ω–æ,
4,"–í –≥—Ä–∞—Ñ–µ ""–§–∞–º–∏–ª–∏—è"" –≤–≤–æ–¥–∏–º –Ω–æ–≤—É—é —Ñ–∞–º–∏–ª–∏—é",–§–∞–º–∏–ª–∏—è —É—Å–ø–µ—à–Ω–æ –≤–≤–µ–¥–µ–Ω–∞,
5,"–ù–∞–∂–∏–º–∞–µ–º –Ω–∞ ""–°–æ—Ö—Ä–∞–Ω–∏—Ç—å""","–ü–µ—Ä–µ–Ω–∞–ø—Ä–∞–≤–ª–µ–Ω–∏–µ –Ω–∞ –æ–∫–æ–Ω–æ —Ä–µ–¥–∞–∫—Ç–∏—Ä–æ–≤–∞–Ω–∏—è –ø–æ–ª—å–∑–æ–≤–∞—Ç–µ–ª—è. ""–î–∞–Ω–Ω—ã–µ —Å–æ—Ö—Ä–∞–Ω–µ–Ω—ã""",
6,"–ü–æ–≤—Ç–æ—Ä—è–µ–º —à–∞–≥–∏ 3/4, –Ω–æ –æ—Å—Ç–∞–≤–ª—è–µ–º –∏—Ö –ø—É—Å—Ç—ã–º–∏.","–û—à–∏–±–∫–∞: ""–ü–æ–ª–µ –æ–±—è–∑–∞—Ç–µ–ª—å–Ω–æ –¥–ª—è –∑–∞–ø–æ–ª–Ω–µ–Ω–∏—è.""",Bug üëæ