–¢–µ—Å—Ç –ö–µ–π—Å ‚Ññ/ID,TC-MAS4-008,,
–ü—Ä–æ–µ–∫—Ç,Tomoru.Team - https://t.me/mini_app_stage_4_bot,,
–ö–æ–º–ø–æ–Ω–µ–Ω—Ç,–ü—Ä–æ—Ñ–∏–ª—å/–†–µ–∑—é–º–µ,,
–î–∞—Ç–∞,08.04.2025,,
–¢–µ—Å—Ç–∏—Ä–æ–≤—â–∏–∫,–ê–Ω–¥—Ä–µ–µ–≤ –ê–ª–µ–∫—Å–∞–Ω–¥—Ä ,,
–ü—Ä–æ–≤–µ—Ä–∏–ª,,,
–î–∞—Ç–∞ –ø—Ä–æ–≤–µ—Ä–∫–∏,,,
,,,
–ù–∞–∑–≤–∞–Ω–∏–µ/–∑–∞–≥–æ–ª–æ–≤–æ–∫,–ü—Ä–æ–≤–µ—Ä–∫–∞ –º–∞–∫—Å–∏–º–∞–ª—å–Ω–æ–π –¥–ª–∏–Ω—ã —Ç–µ–∫—Å—Ç–∞,,
–û–ø–∏—Å–∞–Ω–∏–µ:,"–ü—Ä–æ–≤–µ—Ä–∫–∞ –¥–ª–∏–Ω—ã —Ç–µ–∫—Å—Ç–∞ –≤ —Ä–∞–∑–¥–µ–ª–µ ""–ö–æ—Ä–æ—Ç–∫–æ –æ —Å–µ–±–µ"" –∏ ""–ö–æ—Ä–æ—Ç–∫–æ –æ —Ä–∞–±–æ—Ç–µ""",,
–ü—Ä–µ–¥—É—Å–ª–æ–≤–∏—è:,–û—Ç–∫—Ä—ã—Ç–æ –ø—Ä–∏–ª–æ–∂–µ–Ω–∏–µ –∏ —Ä–µ–∑—é–º–µ —É–∂–µ —Å–æ–∑–¥–∞–Ω–æ,,
–¢–µ—Å—Ç–æ–≤—ã–µ –¥–∞–Ω–Ω—ã–µ:,–ü—Ä–∏–ª–æ–∂–µ–Ω–∏–µ t.me/mini_app_stage_4_bot,,
,,,
–®–∞–≥,–û–ø–∏—Å–∞–Ω–∏–µ —à–∞–≥–∞,–û–∂–∏–¥–∞–µ–º—ã–π —Ä–µ–∑—É–ª—å—Ç–∞—Ç,
1,–û—Ç–∫—Ä—ã—Ç—å –ø—Ä–æ—Ñ–∏–ª—å,–ü—Ä–æ—Ñ–∏–ª—å –æ—Ç–∫—Ä—ã—Ç,
2,"–í–æ –≤–∫–ª–∞–¥–∫–µ ""–ú–æ–µ —Ä–µ–∑—é–º–µ"" –Ω–∞–∂–∏–º–∞–µ–º –Ω–∞ —Å–≤–æ–µ —Ä–µ–∑—é–º–µ",–û—Ç–∫—Ä—ã–≤–∞–µ—Ç—Å—è –∫–∞—Ä—Ç–æ—á–∫–∞ –ø–æ–ª—å–∑–æ–≤–∞—Ç–µ–ª—è,
3,"–í—ã–±–∏—Ä–∞–µ–º –ø—É–Ω–∫—Ç ""–†–µ–∑—é–º–µ""",–û—Ç–∫—Ä—ã—Ç–∞ –∏–Ω—Ñ–æ—Ä–º–∞—Ü–∏—è –ø–æ —Ä–µ–∑—é–º–µ,
4,"–ù–∞–∂–∞—Ç—å –∫–Ω–æ–ø–∫—É ""—Ä–µ–¥–∞–∫—Ç–∏—Ä–æ–≤–∞—Ç—å""",–û—Ç–∫—Ä—ã–≤–∞–µ—Ç—Å—è –≤–∫–ª–∞–¥–∫–∞ —Å —Ä–µ–¥–∞–∫—Ç–∏—Ä–≤–æ–∞–Ω–∏–µ–º —Ä–µ–∑—é–º–µ,
5,"–í –≥—Ä–∞—Ñ–µ ""–ö–æ—Ä–æ—Ç–∫–æ –æ —Å–µ–±–µ"" –ø—Ä–æ–±—É–µ–º –≤–Ω–µ—Å—Ç–∏ –±–æ–ª—å—à–µ 1000+ —Å–∏–º–≤–æ–ª–æ–≤","–î–∞–Ω–Ω—ã–µ –≤–Ω–æ—Å—è—Ç—Å—è, –Ω–æ —Å–æ—Ö—Ä–∞–Ω–∏—Ç—å –Ω–µ—Ç –≤–æ–∑–º–æ–∂–Ω–æ—Å—Ç–∏, –ø–æ—è–≤–ª—è–µ—Ç—Å—è –æ—à–∏–±–∫–∞ ",
6,"–í –≥—Ä–∞—Ñ–µ ""–û–ø—ã—Ç —Ä–∞–±–æ—Ç—ã"" —Ç–∞–∫ –∂–µ –ø—Ä–æ–±—É–µ–º –≤–Ω–µ—Å—Ç–∏ –±–æ–ª—å—à–µ 1000+ —Å–∏–º–≤–æ–ª–æ–≤","–î–∞–Ω–Ω—ã–µ –Ω–µ –≤–Ω–æ—Å—è—Ç—Å—è, –∏–º–µ–µ—Ç—Å—è —Å—á–µ—Ç—á–∏–∫ —Å–∏–º–≤–æ–ª–æ–≤.",
7,"–í –≥—Ä–∞—Ñ–µ ""–ö–æ—Ä–æ—Ç–∫–æ –æ —Å–µ–±–µ"" –ø—Ä–æ–±—É–µ–º –≤–Ω–µ—Å—Ç–∏ —Å–ø–µ—Ü —Å–∏–º–≤–æ–ª—ã, –ø—Ä–∏–º–µ—Ä <script>",–°–∏—Å—Ç–µ–º–∞ —É–¥–∞–ª—è–µ—Ç/–∏–≥–Ω–æ—Ä–∏—Ä—É–µ—Ç –æ–ø–∞—Å–Ω—ã–µ —Å–∏–º–≤–æ–ª—ã –∏–ª–∏ –≤—ã–≤–æ–¥–∏—Ç –æ—à–∏–±–∫—É.,Bug üëæ