–¢–µ—Å—Ç –ö–µ–π—Å ‚Ññ/ID,TC-RT-005,,
–ü—Ä–æ–µ–∫—Ç,https://b2c.passport.rt.ru/account_b2c/page,,
–ö–æ–º–ø–æ–Ω–µ–Ω—Ç,–ê–≤—Ç–æ—Ä–∏–∑–∞—Ü–∏—è,,
–î–∞—Ç–∞,09.03.2025,,
–¢–µ—Å—Ç–∏—Ä–æ–≤—â–∏–∫,–ê–Ω–¥—Ä–µ–µ–≤ –ê–ª–µ–∫—Å–∞–Ω–¥—Ä QAM-66,,
–ü—Ä–æ–≤–µ—Ä–∏–ª,,,
–î–∞—Ç–∞ –ø—Ä–æ–≤–µ—Ä–∫–∏,,,
,,,
–ù–∞–∑–≤–∞–Ω–∏–µ/–∑–∞–≥–æ–ª–æ–≤–æ–∫,–ê–≤—Ç–æ—Ä–∏–∑–∞—Ü–∏—è –ø–æ –≤—Ä–µ–º–µ–Ω–Ω–æ–º—É –∫–æ–¥—É.,,
–û–ø–∏—Å–∞–Ω–∏–µ:,–£—Å–ø–µ—à–Ω–∞—è –∞–≤—Ç–æ—Ä–∏–∑–∞—Ü–∏—è –ø–æ –≤—Ä–µ–º–µ–Ω–Ω–æ–º—É QR –∫–æ–¥—É.,,
–ü—Ä–µ–¥—É—Å–ª–æ–≤–∏—è:,–û—Ç–∫—Ä—ã—Ç —Å–∞–π—Ç –∞–≤—Ç–æ—Ä–∏–∑–∞—Ü–∏–∏ –†–æ—Å—Ç–µ–ª–µ–∫–æ–º ID,,
–¢–µ—Å—Ç–æ–≤—ã–µ –¥–∞–Ω–Ω—ã–µ:,–°–∞–π—Ç- https://b2c.passport.rt.ru/account_b2c/page,,
,,,
–®–∞–≥,–û–ø–∏—Å–∞–Ω–∏–µ —à–∞–≥–∞,–û–∂–∏–¥–∞–µ–º—ã–π —Ä–µ–∑—É–ª—å—Ç–∞—Ç,
1,–û—Ç–∫—Ä—ã—Ç–∞ –≥–ª–∞–≤–Ω–∞—è —Å—Ç—Ä–∞–Ω–∏—Ü–∞ –≤—Ö–æ–¥–∞,–°–∞–π—Ç –∑–∞–≥—Ä—É–∂–µ–Ω.,
2,"–£–±–µ–∂–¥–∞–µ–º—Å—è —á—Ç–æ –≤–∫–ª–∞–¥–∫–∞ –∞–≤—Ç–æ—Ä–∏–∑–∞—Ü–∏–∏ –Ω–∞—Ö–æ–¥–∏—Ç—å—Å—è –Ω–∞ ""–ê–≤—Ç–æ—Ä–∏–∑–∞—Ü–∏—è –ø–æ –≤—Ä–µ–º–µ–Ω–Ω–æ–º—É QR –∫–æ–¥—É""","–í–∫–ª–∞–¥–∫–∞ –Ω–∞—Ö–æ–¥–∏—Ç—å—Å—è –Ω–∞ ""–ê–≤—Ç–æ—Ä–∏–∑–∞—Ü–∏—è –ø–æ –≤—Ä–µ–º–µ–Ω–Ω–æ–º—É QR –∫–æ–¥—É""",Bug üëæ–¢–∞–∫–æ–π –≤–æ–∑–º–æ–∂–Ω–æ—Å—Ç–∏ –Ω–µ—Ç
3,–°–∫–∞–Ω–∏—Ä—É–µ–º QR –∫–æ–¥ –º–æ–±–∏–ª—å–Ω—ã–º –ø—Ä–∏–ª–æ–∂–µ–Ω–∏–µ–º,–£—Å–ø–µ—à–Ω–∞—è –ø–µ—Ä–µ–∞–¥—Ä–µ—Å–∞—Ü–∏—è –Ω–∞ –≤–æ—Å—Å—Ç–∞–Ω–æ–≤–ª–µ–Ω–∏–µ –ø–∞—Ä–æ–ª—è –∏ email,
4,–û—Ç–ø—Ä–∞–≤–ª—è–µ–º –Ω–æ–≤—ã–µ –¥–∞–Ω–Ω—ã–µ ,–î–∞–Ω–Ω—ã–µ –ø—Ä–∏–º–µ–Ω–µ–Ω—ã,
5,–ù–∞–∂–∏–º–∞–µ–º –≤–æ–π—Ç–∏,–£—Å–ø–µ—à–Ω–∞—è –∞–≤—Ç–æ—Ä–∏–∑–∞—Ü–∏—è,